INSERT INTO books (title, author, img, meetingDate, MemberId) VALUES ('공정하다는 착각', '마이클 샌델', '/img/book/공정하다는 착각.jpeg', '2022-11-09', 1);
INSERT INTO books (title, author, img, meetingDate, MemberId) VALUES ('서울 자가에 대기업 다니는 김 부장 이야기 시리즈', '송희구', '/img/book/김 부장 이야기.jpeg', '2022-11-30', 2);
INSERT INTO books (title, author, img, meetingDate, MemberId) VALUES ('선량한 차별주의자', '김지혜', '/img/book/선량한 차별주의자.jpeg', '2022-12-14', 3);
INSERT INTO books (title, author, img, meetingDate, MemberId) VALUES ('데미안', '헤르만 헤세', '/img/book/데미안.jpeg', '2023-01-12', 1);
INSERT INTO books (title, author, img, meetingDate, MemberId) VALUES ('침묵은 여자가 되나니', '팻 바커', '/img/book/침묵은 여자가 되나니.jpeg', '2023-02-02', 2);
INSERT INTO books (title, author, img, meetingDate, MemberId) VALUES ('불안', '알랭 드 보통', '/img/book/불안.jpeg', '2023-03-08', 3);
INSERT INTO books (title, author, img, meetingDate, MemberId) VALUES ('명상록', '마르쿠스 아우렐리우스', '/img/book/명상록.jpeg', '2023-04-05', 1);
INSERT INTO books (title, author, img, meetingDate, MemberId) VALUES ('심판', '베르나르 베르베르', '/img/book/심판.jpeg', '2023-05-12', 2);
INSERT INTO books (title, author, img, meetingDate, MemberId) VALUES ('내가 틀릴 수도 있습니다', '비욘 나티코 린데블라드', '/img/book/내가 틀릴 수도 있습니다.jpeg', '2023-06-25', 3);
INSERT INTO books (title, author, img, meetingDate, MemberId) VALUES ('2030 축의 전환', '마우로 기옌', '/img/book/2030 축의 전환.jpeg', '2023-08-16', 1);
INSERT INTO books (title, author, img, meetingDate, MemberId) VALUES ('소피의 세계', '요슈타인 가아더', '/img/book/소피의 세계.jpeg', '2023-09-20', 2);
INSERT INTO books (title, author, img, meetingDate, MemberId) VALUES ('달러구트 꿈 백화점', '이미예', '/img/book/달러구트.jpeg', '2023-11-14', 3);
INSERT INTO books (title, author, img, meetingDate, MemberId) VALUES ('우울할 땐 뇌과학', '앨릭스 코브', '/img/book/뇌과학.jpeg', '2024-01-05', 4);

INSERT INTO attend (BookId, MemberId) VALUES (1, 1);
INSERT INTO attend (BookId, MemberId) VALUES (1, 2);
INSERT INTO attend (BookId, MemberId) VALUES (1, 3);
INSERT INTO attend (BookId, MemberId) VALUES (2, 1);
INSERT INTO attend (BookId, MemberId) VALUES (2, 2);
INSERT INTO attend (BookId, MemberId) VALUES (2, 3);
INSERT INTO attend (BookId, MemberId) VALUES (3, 1);
INSERT INTO attend (BookId, MemberId) VALUES (3, 2);
INSERT INTO attend (BookId, MemberId) VALUES (3, 3);
INSERT INTO attend (BookId, MemberId) VALUES (4, 1);
INSERT INTO attend (BookId, MemberId) VALUES (4, 2);
INSERT INTO attend (BookId, MemberId) VALUES (4, 3);
INSERT INTO attend (BookId, MemberId) VALUES (5, 1);
INSERT INTO attend (BookId, MemberId) VALUES (5, 2);
INSERT INTO attend (BookId, MemberId) VALUES (5, 3);
INSERT INTO attend (BookId, MemberId) VALUES (6, 1);
INSERT INTO attend (BookId, MemberId) VALUES (6, 2);
INSERT INTO attend (BookId, MemberId) VALUES (6, 3);
INSERT INTO attend (BookId, MemberId) VALUES (7, 1);
INSERT INTO attend (BookId, MemberId) VALUES (7, 2);
INSERT INTO attend (BookId, MemberId) VALUES (7, 3);
INSERT INTO attend (BookId, MemberId) VALUES (8, 1);
INSERT INTO attend (BookId, MemberId) VALUES (8, 2);
INSERT INTO attend (BookId, MemberId) VALUES (8, 3);
INSERT INTO attend (BookId, MemberId) VALUES (9, 1);
INSERT INTO attend (BookId, MemberId) VALUES (9, 2);
INSERT INTO attend (BookId, MemberId) VALUES (9, 3);
INSERT INTO attend (BookId, MemberId) VALUES (10, 1);
INSERT INTO attend (BookId, MemberId) VALUES (10, 2);
INSERT INTO attend (BookId, MemberId) VALUES (10, 3);
INSERT INTO attend (BookId, MemberId) VALUES (11, 1);
INSERT INTO attend (BookId, MemberId) VALUES (11, 2);
INSERT INTO attend (BookId, MemberId) VALUES (11, 3);
INSERT INTO attend (BookId, MemberId) VALUES (12, 1);
INSERT INTO attend (BookId, MemberId) VALUES (12, 2);
INSERT INTO attend (BookId, MemberId) VALUES (12, 3);
INSERT INTO attend (BookId, MemberId) VALUES (13, 1);
INSERT INTO attend (BookId, MemberId) VALUES (13, 2);
INSERT INTO attend (BookId, MemberId) VALUES (13, 3);
INSERT INTO attend (BookId, MemberId) VALUES (13, 4);

INSERT INTO doneFolders (MemberId, public) VALUES (1, true);
INSERT INTO doneFolders (MemberId, public) VALUES (2, true);
INSERT INTO doneFolders (MemberId, public) VALUES (3, true);
INSERT INTO doneFolders (MemberId, public) VALUES (4, true);

UPDATE members SET type = 'member' WHERE id = 1;
UPDATE members SET type = 'member' WHERE id = 2;
UPDATE members SET type = 'member' WHERE id = 3;
UPDATE members SET type = 'member' WHERE id = 4;

INSERT INTO favorite (title, types, img, explanation, modelName, round) VALUES ('Taylor Swift', 'music', '/img/favorite/ts.jpeg', "What's your Favorite Taylor Swift's song?", 'TS', 32);
INSERT INTO favorite (title, types, img, explanation, modelName, round) VALUES ('POP', 'music2', '/img/favorite/pop.jpeg', "What's your Favorite song in POP?", 'POP', 32);
INSERT INTO favorite (title, types, img, explanation, modelName, round) VALUES ('K-POP', 'music2', '/img/favorite/kpop.jpeg', "What's your Favorite song in K-POP?", 'KPOP', 32);
INSERT INTO favorite (title, types, img, explanation, modelName, round) VALUES ('KOREAN FEMALE', 'basic', '/img/favorite/kfc.jpeg', "Who's your Favorite female celebrity in KOREA?", 'KFC', 32);
INSERT INTO favorite (title, types, img, explanation, modelName, round) VALUES ('HOLLYWOOD FEMALE', 'basic', '/img/favorite/hfc.jpeg', "Who's your Favorite female celebrity in HOLLYWOOD?", 'HFC', 32);
INSERT INTO favorite (title, types, img, explanation, modelName, round) VALUES ('HOLLYWOOD MALE', 'basic', '/img/favorite/hmc.jpeg', "Who's your Favorite male celebrity in HOLLYWOOD?", 'HMC', 32);
INSERT INTO favorite (title, types, img, explanation, modelName, round) VALUES ('KOREAN MALE', 'basic', '/img/favorite/kmc.jpeg', "Who's your Favorite male celebrity in KOREA?", 'KMC', 32);

INSERT INTO ts (main, sub) VALUES ('You Belong With Me', "Fearless(Taylor's Version)");
INSERT INTO ts (main, sub) VALUES ('Superstar', "Fearless(Taylor's Version)");
INSERT INTO ts (main, sub) VALUES ('Love Story', "Fearless(Taylor's Version)");
INSERT INTO ts (main, sub) VALUES ("Don't You", "Fearless(Taylor's Version)");
INSERT INTO ts (main, sub) VALUES ('Back to December', 'Speak Now');
INSERT INTO ts (main, sub) VALUES ('Sparks Fly', 'Speak Now');
INSERT INTO ts (main, sub) VALUES ('Long Live', 'Speak Now');
INSERT INTO ts (main, sub) VALUES ('Superman', "Speak Now(Taylor's Version)");
INSERT INTO ts (main, sub) VALUES ('Anti-hero', 'Midnights');
INSERT INTO ts (main, sub) VALUES ("You're on Your Own, Kid", 'Midnights');
INSERT INTO ts (main, sub) VALUES ('Snow on the Beach(Feat. More Lana Del Rey)', 'Midnights');
INSERT INTO ts (main, sub) VALUES ('Shake It Off', '1989');
INSERT INTO ts (main, sub) VALUES ('Clean', '1989');
INSERT INTO ts (main, sub) VALUES ('Wildest Dreams', '1989');
INSERT INTO ts (main, sub) VALUES ('Style', '1989');
INSERT INTO ts (main, sub) VALUES ('Getaway Car', 'reputation');
INSERT INTO ts (main, sub) VALUES ('I Did Something Bad', 'reputation');
INSERT INTO ts (main, sub) VALUES ("Don't Blame Me", 'reputation');
INSERT INTO ts (main, sub) VALUES ('Cruel Summer', 'Lover');
INSERT INTO ts (main, sub) VALUES ('Miss Americana & The Heartbreak Prince', 'Lover');
INSERT INTO ts (main, sub) VALUES ('Lover', 'Lover');
INSERT INTO ts (main, sub) VALUES ('All Too Well', "Red (Taylor's Version)");
INSERT INTO ts (main, sub) VALUES ('Starlight', 'Red');
INSERT INTO ts (main, sub) VALUES ('Treacherous', 'Red');
INSERT INTO ts (main, sub) VALUES ("august", 'folklore');
INSERT INTO ts (main, sub) VALUES ('exile', 'folklore');
INSERT INTO ts (main, sub) VALUES ('illicit affairs', 'folklore');
INSERT INTO ts (main, sub) VALUES ('this is me trying', 'folklore');
INSERT INTO ts (main, sub) VALUES ('Fortnight(Feat. Post Malone)', 'TTPD');
INSERT INTO ts (main, sub) VALUES ('Guilty as Sin', 'TTPD');
INSERT INTO ts (main, sub) VALUES ('The Alchemy', 'TTPD');
INSERT INTO ts (main, sub) VALUES ('I Can Do It With a Broken Heart', 'TTPD');

INSERT INTO pop (main, sub) VALUES ("", "");
INSERT INTO pop (main, sub) VALUES ("", "");
INSERT INTO pop (main, sub) VALUES ("", "");
INSERT INTO pop (main, sub) VALUES ("", "");
INSERT INTO pop (main, sub) VALUES ("", "");
INSERT INTO pop (main, sub) VALUES ("", "");
INSERT INTO pop (main, sub) VALUES ("", "");
INSERT INTO pop (main, sub) VALUES ("", "");
INSERT INTO pop (main, sub) VALUES ("", "");
INSERT INTO pop (main, sub) VALUES ("", "");
INSERT INTO pop (main, sub) VALUES ("", "");
INSERT INTO pop (main, sub) VALUES ("", "");
INSERT INTO pop (main, sub) VALUES ("", "");
INSERT INTO pop (main, sub) VALUES ("", "");
INSERT INTO pop (main, sub) VALUES ("", "");
INSERT INTO pop (main, sub) VALUES ("", "");
INSERT INTO pop (main, sub) VALUES ("", "");
INSERT INTO pop (main, sub) VALUES ("", "");
INSERT INTO pop (main, sub) VALUES ("", "");
INSERT INTO pop (main, sub) VALUES ("", "");
INSERT INTO pop (main, sub) VALUES ("", "");
INSERT INTO pop (main, sub) VALUES ("", "");

INSERT INTO hmc (main, sub) VALUES ("Bill Skarsgard", "hmc");
INSERT INTO hmc (main, sub) VALUES ("Ben Barnes", "hmc");
INSERT INTO hmc (main, sub) VALUES ("Barry Keoghan", "hmc");
INSERT INTO hmc (main, sub) VALUES ("Aron Johnson", "hmc");
INSERT INTO hmc (main, sub) VALUES ("Arata Mackenyu", "hmc");
INSERT INTO hmc (main, sub) VALUES ("Logan Lerman", "hmc");
INSERT INTO hmc (main, sub) VALUES ("Josh Hartnett", "hmc");
INSERT INTO hmc (main, sub) VALUES ("Jannis Niewöhner", "hmc");
INSERT INTO hmc (main, sub) VALUES ("Jacob Elordi", "hmc");
INSERT INTO hmc (main, sub) VALUES ("Eddie Redmayne", "hmc");
INSERT INTO hmc (main, sub) VALUES ("Dev Patel", "hmc");
INSERT INTO hmc (main, sub) VALUES ("Charles Melton", "hmc");
INSERT INTO hmc (main, sub) VALUES ("Tom Blyth", "hmc");
INSERT INTO hmc (main, sub) VALUES ("Timothee Chalamet", "hmc");
INSERT INTO hmc (main, sub) VALUES ("Steven Yeun", "hmc");
INSERT INTO hmc (main, sub) VALUES ("Robert Pattinson", "hmc");
INSERT INTO hmc (main, sub) VALUES ("Paul Mescal", "hmc");
INSERT INTO hmc (main, sub) VALUES ("Maxence Danet-Fauvel", "hmc");
INSERT INTO hmc (main, sub) VALUES ("Louis Partridge", "hmc");
INSERT INTO hmc (main, sub) VALUES ("Young Mazino", "hmc");
INSERT INTO hmc (main, sub) VALUES ("Josh O'connor", "hmc");
INSERT INTO hmc (main, sub) VALUES ("Tom Holland", "hmc");
INSERT INTO hmc (main, sub) VALUES ("Nicholas Galitzine", "hmc");
INSERT INTO hmc (main, sub) VALUES ("Mike Faist", "hmc");
INSERT INTO hmc (main, sub) VALUES ("Ostin Butler", "hmc");
INSERT INTO hmc (main, sub) VALUES ("Henry Cavill", "hmc");
INSERT INTO hmc (main, sub) VALUES ("Heath Ledger", "hmc");
INSERT INTO hmc (main, sub) VALUES ("Harry Styles", "hmc");
INSERT INTO hmc (main, sub) VALUES ("Callum Turner", "hmc");
INSERT INTO hmc (main, sub) VALUES ("George MacKay", "hmc");
INSERT INTO hmc (main, sub) VALUES ("Cillian Murphy", "hmc");
INSERT INTO hmc (main, sub) VALUES ("BAD BUNNY", "hmc");

INSERT INTO hfc (main, sub) VALUES ("Alexa Demie", "hfc");
INSERT INTO hfc (main, sub) VALUES ("Anya Taylor Joy", "hfc");
INSERT INTO hfc (main, sub) VALUES ("Bella Hadid", "hfc");
INSERT INTO hfc (main, sub) VALUES ("Blake Lively", "hfc");
INSERT INTO hfc (main, sub) VALUES ("Brie Larson", "hfc");
INSERT INTO hfc (main, sub) VALUES ("Daisy Edgar-Jones", "hfc");
INSERT INTO hfc (main, sub) VALUES ("Dua Lipa", "hfc");
INSERT INTO hfc (main, sub) VALUES ("Elizabeth Olsen", "hfc");
INSERT INTO hfc (main, sub) VALUES ("Emma Myers", "hfc");
INSERT INTO hfc (main, sub) VALUES ("Emma Stone", "hfc");
INSERT INTO hfc (main, sub) VALUES ("Florence Pugh", "hfc");
INSERT INTO hfc (main, sub) VALUES ("Hailee Steinfeld", "hfc");
INSERT INTO hfc (main, sub) VALUES ("Hunter Schafer", "hfc");
INSERT INTO hfc (main, sub) VALUES ("Jenna Ortega", "hfc");
INSERT INTO hfc (main, sub) VALUES ("Jennifer Lawrence", "hfc");
INSERT INTO hfc (main, sub) VALUES ("Jessica Chastain", "hfc");
INSERT INTO hfc (main, sub) VALUES ("Kaia Gerber", "hfc");
INSERT INTO hfc (main, sub) VALUES ("Kendall Jenner", "hfc");
INSERT INTO hfc (main, sub) VALUES ("Kristen Stewart", "hfc");
INSERT INTO hfc (main, sub) VALUES ("Lily Collins", "hfc");
INSERT INTO hfc (main, sub) VALUES ("Mackenzie Davis", "hfc");
INSERT INTO hfc (main, sub) VALUES ("Marine Vacth", "hfc");
INSERT INTO hfc (main, sub) VALUES ("Millie Bobby Brown", "hfc");
INSERT INTO hfc (main, sub) VALUES ("Olivia Rodrigo", "hfc");
INSERT INTO hfc (main, sub) VALUES ("Rachel Zegler", "hfc");
INSERT INTO hfc (main, sub) VALUES ("Sabrina Carpenter", "hfc");
INSERT INTO hfc (main, sub) VALUES ("Saoirse Ronan", "hfc");
INSERT INTO hfc (main, sub) VALUES ("Selena Gomez", "hfc");
INSERT INTO hfc (main, sub) VALUES ("Taylor Swift", "hfc");
INSERT INTO hfc (main, sub) VALUES ("Sophie Turner", "hfc");
INSERT INTO hfc (main, sub) VALUES ("Sydney Sweeney", "hfc");
INSERT INTO hfc (main, sub) VALUES ("Zendaya", "hfc");

INSERT INTO kfc (main, sub) VALUES ("고윤정", "kfc");
INSERT INTO kfc (main, sub) VALUES ("김고은", "kfc");
INSERT INTO kfc (main, sub) VALUES ("김민하", "kfc");
INSERT INTO kfc (main, sub) VALUES ("김지원", "kfc");
INSERT INTO kfc (main, sub) VALUES ("김채원", "kfc");
INSERT INTO kfc (main, sub) VALUES ("나나", "kfc");
INSERT INTO kfc (main, sub) VALUES ("나연", "kfc");
INSERT INTO kfc (main, sub) VALUES ("레이", "kfc");
INSERT INTO kfc (main, sub) VALUES ("로제", "kfc");
INSERT INTO kfc (main, sub) VALUES ("민니", "kfc");
INSERT INTO kfc (main, sub) VALUES ("민지", "kfc");
INSERT INTO kfc (main, sub) VALUES ("박보영", "kfc");
INSERT INTO kfc (main, sub) VALUES ("사나", "kfc");
INSERT INTO kfc (main, sub) VALUES ("설윤", "kfc");
INSERT INTO kfc (main, sub) VALUES ("수지", "kfc");
INSERT INTO kfc (main, sub) VALUES ("신예은", "kfc");
INSERT INTO kfc (main, sub) VALUES ("아이유", "kfc");
INSERT INTO kfc (main, sub) VALUES ("안유진", "kfc");
INSERT INTO kfc (main, sub) VALUES ("안은진", "kfc");
INSERT INTO kfc (main, sub) VALUES ("윈터", "kfc");
INSERT INTO kfc (main, sub) VALUES ("윤아", "kfc");
INSERT INTO kfc (main, sub) VALUES ("장원영", "kfc");
INSERT INTO kfc (main, sub) VALUES ("전종서", "kfc");
INSERT INTO kfc (main, sub) VALUES ("제니", "kfc");
INSERT INTO kfc (main, sub) VALUES ("지수", "kfc");
INSERT INTO kfc (main, sub) VALUES ("카리나", "kfc");
INSERT INTO kfc (main, sub) VALUES ("카즈하", "kfc");
INSERT INTO kfc (main, sub) VALUES ("하니", "kfc");
INSERT INTO kfc (main, sub) VALUES ("한소희", "kfc");
INSERT INTO kfc (main, sub) VALUES ("해린", "kfc");
INSERT INTO kfc (main, sub) VALUES ("허윤진", "kfc");
INSERT INTO kfc (main, sub) VALUES ("혜인", "kfc");

INSERT INTO kmc (main, sub) VALUES ("이도현", "kmc");
INSERT INTO kmc (main, sub) VALUES ("변우석", "kmc");
INSERT INTO kmc (main, sub) VALUES ("김수현", "kmc");
INSERT INTO kmc (main, sub) VALUES ("김우빈", "kmc");
INSERT INTO kmc (main, sub) VALUES ("윤두준", "kmc");
INSERT INTO kmc (main, sub) VALUES ("강동원", "kmc");
INSERT INTO kmc (main, sub) VALUES ("박서준", "kmc");
INSERT INTO kmc (main, sub) VALUES ("정해인", "kmc");
INSERT INTO kmc (main, sub) VALUES ("임시완", "kmc");
INSERT INTO kmc (main, sub) VALUES ("안보현", "kmc");
INSERT INTO kmc (main, sub) VALUES ("이준", "kmc");
INSERT INTO kmc (main, sub) VALUES ("지창욱", "kmc");
INSERT INTO kmc (main, sub) VALUES ("박정민", "kmc");
INSERT INTO kmc (main, sub) VALUES ("서인국", "kmc");
INSERT INTO kmc (main, sub) VALUES ("박보검", "kmc");
INSERT INTO kmc (main, sub) VALUES ("서강준", "kmc");
INSERT INTO kmc (main, sub) VALUES ("유승호", "kmc");
INSERT INTO kmc (main, sub) VALUES ("이종원", "kmc");
INSERT INTO kmc (main, sub) VALUES ("고경표", "kmc");
INSERT INTO kmc (main, sub) VALUES ("박형식", "kmc");
INSERT INTO kmc (main, sub) VALUES ("이준호", "kmc");
INSERT INTO kmc (main, sub) VALUES ("조정석", "kmc");
INSERT INTO kmc (main, sub) VALUES ("재현", "kmc");
INSERT INTO kmc (main, sub) VALUES ("필릭스", "kmc");
INSERT INTO kmc (main, sub) VALUES ("신유", "kmc");
INSERT INTO kmc (main, sub) VALUES ("덱스", "kmc");
INSERT INTO kmc (main, sub) VALUES ("차은우", "kmc");
INSERT INTO kmc (main, sub) VALUES ("정국", "kmc");
INSERT INTO kmc (main, sub) VALUES ("민규", "kmc");
INSERT INTO kmc (main, sub) VALUES ("주연", "kmc");
INSERT INTO kmc (main, sub) VALUES ("버논", "kmc");
INSERT INTO kmc (main, sub) VALUES ("현빈", "kmc");
